finding_id,found_by,round_1_2_3,attack_class,attack_prompt_verbatim,vector_direct_or_via_source,source_if_indirect,run_1_worked_partial_refused,run_2_worked_partial_refused,run_3_worked_partial_refused,reproducibility_3_of_3,agent_output_excerpt,what_an_attacker_gets_1_sentence,lethal_trifecta_legs_touched_0_to_3,severity_1_to_5,blast_radius_1_to_5,residual_risk_1_to_5,risk_score_sev_x_blast,owasp_llm_ref,mitre_atlas_ref,proposed_mitigation,mitigation_cost_eng_days,ship_hold_block
F001,,,,,,,,,,,,,,,,,,,,,,
F002,,,,,,,,,,,,,,,,,,,,,,
F003,,,,,,,,,,,,,,,,,,,,,,
F004,,,,,,,,,,,,,,,,,,,,,,
F005,,,,,,,,,,,,,,,,,,,,,,
F006,,,,,,,,,,,,,,,,,,,,,,
F007,,,,,,,,,,,,,,,,,,,,,,
F008,,,,,,,,,,,,,,,,,,,,,,
F009,,,,,,,,,,,,,,,,,,,,,,
F010,,,,,,,,,,,,,,,,,,,,,,
F011,,,,,,,,,,,,,,,,,,,,,,
F012,,,,,,,,,,,,,,,,,,,,,,
F013,,,,,,,,,,,,,,,,,,,,,,
F014,,,,,,,,,,,,,,,,,,,,,,
F015,,,,,,,,,,,,,,,,,,,,,,
F016,,,,,,,,,,,,,,,,,,,,,,
F017,,,,,,,,,,,,,,,,,,,,,,
F018,,,,,,,,,,,,,,,,,,,,,,
F019,,,,,,,,,,,,,,,,,,,,,,
F020,,,,,,,,,,,,,,,,,,,,,,
F021,,,,,,,,,,,,,,,,,,,,,,
F022,,,,,,,,,,,,,,,,,,,,,,
F023,,,,,,,,,,,,,,,,,,,,,,
F024,,,,,,,,,,,,,,,,,,,,,,
F025,,,,,,,,,,,,,,,,,,,,,,
F026,,,,,,,,,,,,,,,,,,,,,,
F027,,,,,,,,,,,,,,,,,,,,,,
F028,,,,,,,,,,,,,,,,,,,,,,
F029,,,,,,,,,,,,,,,,,,,,,,
F030,,,,,,,,,,,,,,,,,,,,,,
